﻿<?xml version="1.0" encoding="utf-8"?><meta xmlns:xsi="http://www.w3.org/2001/XMLSchema-instance" xmlns:xsd="http://www.w3.org/2001/XMLSchema"><project id="6SpEGdcNsdX" courseid="5nyGurcaxKa_course_id" thumburl="story_content/thumbnail.jpg" title="challenge_2_SL2" datepublished="2017-07-08T16:23:35" version="1.0.0.0" flashdata="story_content/data.swf" html5data="mobile/data.js" mobiledata="mobile/data.gz" enabledownload="true" duration="About 5 seconds" totalaudio="0" totalvideo="0"><description>coba dibuat apk</description><keywords /><slidemeta moniker="slide" monikerplural="slides" viewslides="1" slidecountdescription="1 slide" /><author name="gebruiker1" email="" website="" /><application name="Articulate Storyline" version="2.11.1609.3020" xmlversion="3.5" /></project></meta>