﻿<?xml version="1.0" encoding="utf-8"?><bwFonts xmlns:xsi="http://www.w3.org/2001/XMLSchema-instance" xmlns:xsd="http://www.w3.org/2001/XMLSchema" fontfactoryurl="story_content/FontFactory.swf"><font id="00" name="Open SansBold Charset1 6EJ0swPNBiQ"><glyphs><g i="0" c="384" p="#^DP$v%jL$v%UIDmMI7mrIzk6I_i3Isi$H6jIHzkpH0mfHEm%RE$v%yA$v%$v9e%Jz9e%$BUnBCAqSCzsXCSrcDpqtDYoID8o%iG9e%TJ9e%tM8oEMPoUMcq9NAriNzspNCrGNbqYNMoaOUn%rQ9e%aU9e" /><g i="1" c="385" p="#^VA8pVAarABdsfCgtLDgteFgtUFesyGbryG8pyG6nTF6mdF5lJD5leC5lzB6mVA6nVA8p^mK8pmKusBInuRGfwIDfwKBfweAovKywuWxVs6xir6x8p6xOlSyYjCA5iMD5iKF5ieHYiKIOjyJplmK$mmK8p" /><g i="2" c="386" p="#^DH$v%7Hfu%WGfukGcvdFKv7EfwJCfwjAfw5zZuTxGtTxfr%Txmi%BBmi%BBkqBBNr6CxsEChtODhtmFht2GesLGbrLGMo%LGmi%uKmi%uK$v" /><g i="3" c="387" p="%^GB$vYx$vYx$cGB$c" /><g i="4" c="388" p="#^gCfwSzfwuynu6xvs6xbp6xQlvyZjVz5inC5iYE5iiG5k%qG5k8Gzi8Gmh%8G$c%TJ$c%TJ$v%0H$v%iGeu%8GeuTEfwgCfw^ADht$EhtGFsslGCrpGDp%pGdppG0nJF4m2F7lwD7lgC7lABbmUAenUAfpUAgrABhshChtADht" /><g i="5" c="389" p="#" /><g i="6" c="390" p="#^$vmi%3Ami%EC1qZC1r5Dos%aDosiD8rHD1q%dGmi%dKmi%rEKxEDTzaCXAIA$BKy$BNx$BRwNB%RwQywx$yjy$yiz$y1AoyNANxbBzw%pBVv" /><g i="7" c="391" p="#^NxPeNx$cPz$cRB$cRBPeRBHfkBagQAFgPzFgNxFgNxPe^GB$v%Yx$v%Yxmi%GBmi" /><g i="8" c="392" p="%^wBAo8DvmZGmi9LmiLFgovL$vcH$vgDtqGBLrGB$vYx$vYx$cGB$cGBtltBAo" /><g i="9" c="393" p="#^BDLkpCLkKBvl4BemZADn%bGDnaGemtFvlNELkBDLk^7EfwQAfwZyru6xCs6xgp6xQlQyZjyA5iAD5itG5i4ILjHJolHJio%HJ6q%UA6qYAHrQBBsICutiEutwFutCGetJHZsWIps%WIhvXHMvQG$vJFfw7Efw" /><g i="10" c="394" p="#^IDhtGEht2GRs%2GDvFEfwDCfwoAfwmz6vlyZtlyKr%ly9l%zw9l%zwAj%Dyki%Hzsf%4Csf%4Cmi%VFmi%VF9l%4C9l%4CJr4CwswCVsZChtIDht" /><g i="11" c="395" p="#^zF5ikG5iQGci%yGHl5GzlsFzlFDzlFCumGBonGB2p%GB$v%Yx$v%Yxmi%MAmi%jBEk%vBEk8CujdDOiiE5izF5i" /><g i="12" c="396" p="#^tHYrtH2u$F9vyEfwEBfw9Afw6z2w3yRv8xsv%8xnsaySstzctNAxtMBxtNDxtNDlsNDVrwDErfDmrBC0rXBGqQAcqgzypwy_oNxqorxIn6xZm6xVl6x4kwy5jXz5iwC5i_E5ijH9j%bGSlaFplhE8loDSksCSkPASkPALlPAfmlBDmTB_mGDIngFlo$FVoLGtp6HcqtHXqtHYr" /><g i="13" c="397" p="#^9K$v%rG$v%rG1orGxmXFPlsF4loE4lZC4ljC7mGBanGBAp%GB$v%Yx$v%Yxmi%OAmi%iB5k%vB5k1C9j4DDi7E5itF5ixI5iCJ5k%XJ5kvK8jzLDiDM5iZN5iiQ5iuRhjGStkGS5n%GS$v%XO$v%XO1oXOxmrOPlYN4lUM4lwL4lQK2m9K0n9K8p" /><g i="14" c="398" p="%^aJ$v7IdrIGblCGbl7E$v7A$vewmiYzmiwBoo#VB0qiCTsmCTs#qCXrOCWp_CUoGEmiNIminKUo#qK9pxKHp#EKcqKKOq#QKorVKZr#_Kxs$KTs4LTs#bL_rtLsq#LLWoTLoovNmi9RmidN$v" /><g i="15" c="399" p="#^yK$v%QG$v%QG1oQG4lDE4l3D4lmC8mGBbnGBAp%GB$v%Yx$v%Yx$c%GB$c%GBSgGBjhAB_i%vB5k%HB5kXC5iFF5i3I5iiJojyKGkyK5n" /><g i="16" c="400" p="#^vF9l%gC9l%gC$v%yy$v%yy9l%vw9l%vwmj%yymi%yylhyy0fHzYdRATcnDTciFTcOGrd%RFagJEQfMDQf_CQfDCiggCMggCvh%gCmi%vFmi" /><g i="17" c="401" p="#^vF9l%gC9l%gC$v%yy$v%yy9l%vw9l%vwmj%yymi%yylhyy0fHzYdRATcnDTciFTcOGrd%RFagJEQfMDQf_CQfDCiggCMggCvh%gCmi%vFmi^bP9l%YL9l%YL$v%eI$v%eI9l%bG9l%bGmj%eImi%eIlheI0fnJYdxKTc3NTc_OTcuQrd%xPagpOQfsNQfGMQfjMigYLMgYLvh%YLmi%bPmi" /><g i="18" c="403" p="#^mz4q%mzapmz$nSz8nmAgmHBhlZCmknDOjNDdjNDwiNDJhcDjhDCUgzBUgKzUgox4i%3wpfNyUdRBUdlEUdQF5fjHigjHjijHFjIGEk5GCloEQmdDInVC9oBCCoBClp%BC4q^ZyfuZydtwzIs3Aas7Bas7CasGCIseDeteDfueDcvGCMv7Ckw7Bkw5AkwxzNvZyevZyfu" /><g i="19" c="404" p="%^ODvlwH9eBL9eGF2pGF$vVB$vVBap_v9e5A9e" /><g i="20" c="405" p="#^uDfw6xfw6xfp6xMlRyXjAA5iPD5ibG5i4I0j%ZGUl5GxlkFjlAE5lPD5lVA5lVAdpVAetPDetUEetPFYsKGFsEH2s%EHevKGOvPF0wUEfwuDfw" /><g i="21" c="406" p="#^rFfw1DfwGBvu%tBvuGBcwGBtw%GB$B%Yx$B%Yxmi%ZAmi%vB6k%GB6k_C5iyF5iYH5ikJZjIKQlIK8pIKkr3KYsqJzueIpv2HfwrFfw^lE4lZC4lkCWlHBMmGBJo%GB7pGBkrkChs_CetoEetVGetVG5pVG4nhG4mGF4llE4l" /><g i="22" c="407" p="#^BDkt0FktGFwslGIrpGGp%pGdppG0nJF4m2F7lyD7lVA7lVAfpVAirzBjsdCktBDkt^gCfwSzfwuyou6xws6xbp6xRlvyZjVz5ilC5iED5iBEAizF3jiG5k%pG5k%KGmi%TJmi%TJ$B%8G$B%8Ghw8GxviGeu%8GeuyFdvyEKvzDfwgCfw" /><g i="23" c="408" p="#^yK$v%QG$v%QG1oQGxmiGPlNF4lDE4l3D4lmC7mGB9nGBAp%GB$v%Yx$v%Yxmi%OAmi%iB5k%vB5k7C5jdDBijE5iIF5i4I5ijJnjyKFkyK5n" /><g i="24" c="409" p="#^yF5iYH5ikJ_jIKSlIK8pIKxshJouTHfwrFfw1DfwGBvu%pBvu%OA$v%Yx$v%Yx$c%GB$c%GBqhGBfiwB6k%GB6kZC5iyF5i^lE4lZC4lkCWlHBMmGBJo%GB7pGBkrkChs_CetoEetyFetdGasVG6rVG5pVG4ndG4mxF4llE4l" /><g i="25" c="410" p="#^QJli%QJdk%HHNkhIHlhIRmhI1pKGgqcFvruCvr%PBsr%gBorHAQrHAnsHAatLCat%3FatjHatuI8uGJ5vGJZwGJmzGHGAGF$BXB$B4z$Bzx$A3w$z3wdy3w_wQw9wCxkv5zZuwyJu5yauGxCtGx_sGxds6yIrzyarqzGqlycqJxbp5x9o5xMm5xxkyyjj$z5iHC5igD5i2EbiREhi3Fli^hzWxhzHy0A7zMAAz5CAz5EAzeF0znGtynGwxnGLwIFsw1FawDDaw%HBawGAawZzEwhz7xhzWx^EAPmEAXn8BBoFBepHCepLDepeEBoJEXnJEPmJEmkHCmkEAmkEAPm" /><g i="26" c="411" p="#^qxfuqxdtZxIswyaszzasAAas7BIsHBetHBfuHBcv7BMvzAkwzzkwyykw_xNvqxevqxfu" /><g i="27" c="412" p="%^wI$vey$vey9ewI9ewIfh0Cfh0Cal3Ial3Igo0Cgo0CTswITs" /><g i="28" c="413" p="#^CG$v%UF8u%NF8uREjvRDNvSCfwgBfwizfway7v2x$t2xWr2xLpzyJo4AHn8DAn%vFwn%vFVmvFRkoDRkLBRkyzQl%jyjjGA4ixD4ihG4iKHhjcJtkcJVm%cJ$v^vFHp%3EKpsCNpFBjqSARqSAYrSAxtGCxtYDxtJENsvF1svFOq" /><g i="29" c="414" p="#^vF9l%gC9l%gC$v%yy$v%yy9l%vw9l%vwmj%yymi%yylhyy0fHzYdRATcnDTciFTcOGrd%RFagJEQfMDQf_CQfDCiggCMggCvh%gCmi%vFmi^tHPetH$cvJ$cxL$cxLPexLHf0LagwKFgvJFgtHFgtHPe^mL$v%EH$v%EHmi%mLmi" /><g i="30" c="415" p="#^qxfuqxdtZxIswyaszzasAAas7BIsHBetHBfuHBcv7BMvzAkwzzkwyykw_xNvqxevqxfu^qxakqx8jZxDiwy5izz5iAA5i7BDiHB9jHBakHB9l7BIlzAfmzzfmyyfm_xJlqxalqxak" /><g i="31" c="418" p="#^MI2rMIst1HSuiFfwbCfwlzfw8xav%8xFrXyssbAOssB7tuC7tKD7toEFs3Fas3Fdr3FIqMEiqtETpVDvplD7pBBioYzxn8zQmky6mQxallxdklxZilxBgYyffzAUdoDUdNEUd2GdejHyeHI8f%tH5i1Gvh5FhhaE2hgD2hbC2hCByh2B2i2BRi2BljhBJjwB5k0CrkwCNkpEHlWGUmRH5oMIipMI2r" /><g i="32" c="419" p="#^ey9e%OD9eBH9eiJef0Ljg0LFi0LgkgKilwJjmgIvm%gIEmZJ0nJK3otL5ptLPqtLftIJDuXH$vWE$v%ey$v^0Cdl%dEdlMFdlsGLk8Hgk8H9j8H8ioGIhEFfh0Efh%0Cfh^0Cdo%0CTs%uETs2GTsOGhsyHGryHrqyHdomEdo" /><g i="33" c="420" p="%^7F$vlB$vlBjhvwjhvw9eZJ9eZJjh7Fjh" /><g i="34" c="421" p="%^KA1plwmizAmidDHmUFmi6KmiGF1pkK$v5G$vdDkrlA$v6w$v" /></glyphs></font><font id="10" name="Open Sans Charset1 5dut3NjblSf"><glyphs><g i="0" c="384" p="%^_C4nLH9e$J9e1E4p1E$vXB$vXBap$v9egy9e" /><g i="1" c="385" p="#^ODfwQAfw6zruoxDsoxqpoxam_yhkAAnigDniNFnifH1kJIGlJIoo%JIGp%vzGpzz1sHAgtPBuuTDuu1Guu8IAt%8Inv3HRv6G2w9FfwODfw^fD4kEB4kGA7lJzamyz1o%yG1oyG6mHF5lQE4kfD4k" /><g i="2" c="386" p="#^MGlsMGdunFev_DfwtBfwPyfwkxov%kxwthy$toziuvAAuwBAu6DAuYD4uPEztPEwsPEKr7EbrsDDqvBSpDzapQyFo2y7oFxtnhxPmhxUlhxgkCykjYznigCniqEniuGfj%MFVkLD4k7C4kGA4kXzxkdzZkdzMldzimuzHmMz3nnApn_AKnJCoo5FfpWF8qMG0rMGls" /><g i="3" c="387" p="%^oM$v0K$vgA0haA0h#mAFjmARlmA$vsy$vsy9eOA9ewK3tCK3t#BKKsvKYq#qK9prKoorK9eoM9e" /><g i="4" c="388" p="#^HJipHJzs1IpuoGfwuDfwHBfwiApvVyzu8y_soxproxipox0m1zckGAnizDninGni1IfkHJ6mHJip^vzhpvzSrwActyByuxDyuwFyuyGctAHSrAHhpAHKmyGqlwF5kwD5kwB5kvAplvzImvzhp" /><g i="5" c="389" p="#^XN2nXNkrMLOtCJfwLFfwOBfwFzRtwxqrwx1nwxGiFzhgPBTdMFTdCJTdMLjgXNLiXN2n^Jz2nJzHqfBzsOCruLFruJIrudKzsKLHqKL2nKLsjdKBhJIKfMFKfOCKffBChJztjJz2n" /><g i="6" c="390" p="%^lL$vUI$voClnwA$owA$vsy$vsy9ewA9ewA$mCI9e3L9eUDVl" /></glyphs></font><font id="20" name="Lao UI Charset1 5o3Nif2vBiS"><glyphs><g i="0" c="256" p="#^cKgvgIhwnFhwDBhwnzTt8xtr8xzn8xnjFzNgbCbe4GbezIbecKWe%cK5hkI2g2G2g1D2g9B3ihz3khzsnhzEq1BysOCruEFrugIrucKgt" /><g i="1" c="257" p="#^fDhwtAhwPyxuaxNsaxUpaxKmUyZkCAcjxDcjkGcjUHWktJEmtJHptJHsNHuu5GhwfDhw^oDUktBUklAcmdzwndzPpdz1slAjtuBBuoDBukFBunGltqH5sqHMpqHqnnG9mkFUkoDUk" /><g i="2" c="258" p="#^MP$v%LN$v%LNPoLNKm6NPluMUkZKUkHJUkNI3mUHenUHSo%UH$v%UF$v%UFAoUFUk2DUkKBUkTA$l0A5n0ASo%0A$v%0y$v%0yvj%0Avj%0Atl%3AtlpBcjYDcjeFcjbGWj8HDkuHNlUIcjELcjMPcjMPio" /><g i="3" c="259" p="#^3Abu%0Abu%0AKB%0yKB%0yvj%0Avj%0AHl%3AHlyBcjnEcjPGcj9IUkwJzmwJnpwJws_HputGhwPDhwoBhw3Abu^0A8p%0AUq0Ars0Bwt1CBuADBupFBurGcttHPrtHlptHfnvG4mxFUkUDUk8CUk4B6m0Ajn0A8p" /><g i="4" c="260" p="#^ZG$v%ZE$v%ZE2u%WE2uBDhw4Bhwczhw8yiv5xju5xFs5xapdBBo%ZE3oZEUkoCUk7AUkjypm%jynk9AcjzCcjZGcjZGSn^ZEGp%YB4qzAhqRzNq8zgr8zxs8zrtOz0usABuxBBu1DBu$DztZEwsZEWq" /><g i="5" c="261" p="#^oI$v%oG$v%oGSooGUkuDUk_BUk$A0m0A8n0ASo%0A$v%0y$v%0yvj%0Avj%0Azl%3AzluBcjaEcjdGcjiHxkoIRloIlo" /><g i="6" c="262" p="#^ZHvj%dC$xHATBUxTB6xTBBwJB%BwWzex8ANx8Ahz8A2Aly%2BZv%9wvj%oyvj%MB6tQBit0C3u%5C3u9CMtlC8t%UFvj" /><g i="7" c="263" p="#" /><g i="8" c="264" p="#^3Ifq%ezfqhzksmAttrBBujDBuqFBucHct%cH5vyFhwRChwbAhwGyAuaxTsaxOpaxTmPy2ltAcjWCcjnFcjJGOk3Inm3Ibp^0Gyo$FPmaFSlmEUkUCUktBUkuAVlvzVmgzyo" /></glyphs></font><font id="30" name="ArticulateBold Charset1 5c6tuCpDTYT"><glyphs><g i="0" c="256" p="%^cQ$vIL$vyI1ivI1ioF$vTA$vfwxeWzxeaDusdDuscGxeYKxe1Ous4OusmRxeLUxe" /><g i="1" c="257" p="%^1y$v1yxekIxekIhhxBhhxBBlLHBlLHloxBloxBftnIftnI$v" /><g i="2" c="258" p="%^1y$v1yxexBxexBftiIftiI$v" /><g i="3" c="259" p="#^JKKvIJ0wEI9wAHiwJGiwMEiw1DPviBjv_zguHydtWxzraxUpaxwnaxklPxCjtyThHzHgWAvfHCTetEeeLGeeRHeeVIseZJFeIKYe%sKVhLJuhQIehWH_gNG_gcF_g3EzhWC7icC1jvBWj9B3lQAbmQAhnQAHofBRpGB_qrCPrdDEsiE5toFytJGyt5HytAHwt4IttBInt7JhtEJ9t9K0tAKPs%JKKv" /><g i="4" c="260" p="#^DKbnDKYljKQk0KIjpJSiOI$hSHvhXG_gJF_gtE_gyDvhDC$h0CTiqBKj7BSkQA_lQAbnQAwo7BHpqBRq0CIrDCzsyD3ttEytJFyt$GytWH1tRIwsrJFr2KNqkKDpDKsoDKbn^hOcnhO9pJNQqaNus5MIt0LVupJCvPHiwHFiwzDiwYBDvmAXuizKteywsIxRqax9paxbnaxclJxzjgyVhlzKgrAyf1CUeDDeeJFeeJHeeiJTeUKvf_LHg5NThHNxjhOblhOcn" /><g i="5" c="261" p="%^eO$veOAhaOAhtJ$v7G$vqBAhnBAhnB$v0y$v0yxeCDxeMHLrQHLr_LxeBRxeBR$v" /><g i="6" c="262" p="#" /><g i="7" c="263" p="%^IEhhIE$vcB$vcBhhbwhhbwxeIJxeIJhh" /><g i="8" c="264" p="#^9MCp9M5tlKIuyIiw1Fiw2DiwHBQvkAlvuztuFyBthynsVx8rVxCp%Vxxe%pBxe%pBHopB1qFBZqWBUroCtsTC1txDitcEyt1Fyt4GytMGatsHNsTH8siIurtIBqFIHpFIEo%FIxe%9Mxe%9MCp" /><g i="9" c="265" p="#^4Gzj4Gei7FMhaEhhvChh%eBhh%eB$l%sC$lhD$lYDUlDEMl5FulAFblQFKk4Ggk4Gzj^TG$v%KEqqyEZpmEFpaElpVD8pFDXohDRoVCLomCLo%eBLo%eB$v%Kx$v%Kxxe%FCxeeExeyFJeSGVeNHqfIIWfdJSgKJOhKJijKJYjwJCkiJflSIPlqImmLHMm4H9n7Gjn%7GmnSGsnhH_nIHwo$Hep%NK$v" /><g i="10" c="266" p="#^eJcneJQlLILkhIFjtHTiGG5iDFHhBEhhsDhh%xBhh%xBft%tDftxEftzFSsBGtspHIrdIXqJIPpeJHoeJcn^UMenUMCpaMhrsLXs8K$tQI2vYGxv4F$vLC$v%1y$v%1yxe%WCxe_ExeOGYeCInfYJngjLnh5M3jUMKkUMen" /><g i="11" c="267" p="#^LD2qaC2q8Byq6A1r6Ads6AVsBAnt4BRtcCRtNCRtjDFtRDtthE1tNExs1FRrhF9rhF2q^AF$vwFBvuF9vsFJuqF3u%nF3ucFruQEQutEdvXDyvqDTvNC4w8CiwsBiwyAiwJz1wUyMvgyhvExOugx4uVwmtVwtsVw3rtxcq2ylpZySoVzmo4BcofC2oqD2o%hF2ohFumyETlQDglqCglyBglxAylwzQloyFm%iyNjbznjlA5jvBPiRCPiLFPi1H5kkInlkI9okIbpkIUpkIzqkI5rlICrmI2snItsnIXsoIEtqIhusIWuwI$v" /><g i="12" c="268" p="#^eG3seG6tPFVtpFHuGEevYDMvXC1wWBiwJAiwJziwIy6wIxXv0xKv%dx_s2yotPyDtBzRtxARtpBRt3CstKC3tKCgsKCErhCjrRBZqcBLqAAxqPzlq2z8qpyKpNxkplxFoVw_nVwPmVwLlkx$kLxeksyLjazfj4A1j$APiYBPiVCPiQDYiLE4jCFhj%nFPlyEwlTDolcDglpCgllBglTAGlpA4mpAHmpAbnRAunhBMnVB_nyCbojDqo4EFoIE5plFwpNFdqeGVqeG3s" /><g i="13" c="269" p="#^cG$v%cG2pcGro8GPn5GanUFEmIF5mfFMlOEql0Eql8DqlACQl0CemGBSmlBuncBeo4BZo4BCp%4B$v%Jx$v%Jxed%4Bed%4BSk%7BSkEB3kGCrjJDPi9FPiiGPi8Hcj_HAjwIgk2JXkiJTlzJPmzJUn%zJ$v" /><g i="14" c="270" p="#^UGhpUGzoHGSnvG9n5GDmIF5m5FMluEqlDDqlQCqlcCLlBB3mbBCmOA8nBAQnpAwopAeppAfrbBtsZBHtDDHtuEHt6FltKF$s6GqsvGQrHG1rUGeqUGhp^oKBpoKbrSJrskJHtpIyuvHovgGRv2FiwFDiw9CiwVAQvFzlvMytuTxBtoxnsVw8rVwEpVw1opxMmWxvlQyDkLzLjZAhjcCPiDDPi1FPigGhjvHKjpIBkkJslSJKmoK0ooKBp" /><g i="15" c="271" p="#^nFgmYE6mCE3mhE0mRD0mqC0mNBen9Bro9BEq%9B$v%Ox$v%Ox6j%MA6j%MA1m%QA1mUAulcBVkxBkk_BTjsCpj3D6jGDPilEPi2FPinFVi%nFgm" /><g i="16" c="272" p="#^nF_vTE8wdEdwADiwXCiwYAiwUzcvQy5uQy3s%Qyzl%lwzl%lw6j%Qy6j%Qyxg%bCsf%bC6j%9F6j%9Fzl%bCzl%bCArbCHsBCbt$CHtPDHt7EHtxECtXExthFmt%nF_v" /><g i="17" c="273" p="%^Ox$vOx6j9B6j9B$v^OxMgOxzd9Bzd9BMg" /><g i="18" c="274" p="#^cG$v%cG_ocGdo7Gzn2GUmOFqmyFXl6FHlGEqlZDql4DqlwCSlYBimEBYmkBBncBko4B3p4BEp%4B$v%Jx$v%Jx6j%UA6j%UASk%XASkdBskBB5kZBKjtCsjZC9jCD_igEPi7FPipHPiuIdkzJClzJYn%zJ$v" /><g i="19" c="275" p="#^cGspcGVo2GdoUFwnyFUmcFgmCERl0Eql8DqlkCqlOBQlgBemYASmEAtnwAbopAVopAxppAhqyA0rIALr1BlsnBXsVBjtsCHtdDHtZDHtwElt4F$ssFrsQFSr0G5rcGkqcGsp^iG$v%iGyu%fGyuxFtvwEUvvDiwhCiwTAiwRzMvQyevayjuxxotdx9sVwVqVwtpVw9obxYmtxKl6yQkMyVjOzmjQAPiiCPiJDPiCEkjwFQjaGFk%cGFk%cGed%zJed%zJ$v" /><g i="20" c="276" p="#^nG$v%nGeu%kGeuDF5vzEIvwDiw3CiwXAiw6AWvhzxvLySueybuZxftJxjsJxbr%Jx6j%4B6j%4BYp4BGq7BmraB1soBysDB2t3CntvCHtfDHt2EHtCEltaF_swFosTFNr1G_qcGaqcGip%cG6j%zJ6j%zJ$v" /><g i="21" c="277" p="#^CGSvQF6wZEcw7EiwfDiwLBiwAAQvpzlvAysuLxztkxisVw1rVwspVw1okxQmLxClxyJkkzQjtAkjDBPi5DPiiEPi6FYiWF4jnGej%4GUlFFHl6FzlAEqlQDqlYCqljCLlGB3mfBDmQAbnCAXnpAHopAwppAkqBA5rOASrdBrsFB$siCltYCHtTDHtsEHt9FxtTFmtsG4t%CGSv" /><g i="22" c="278" p="#^NF0kNFNiZE1iaEhhsChh%eBhh%eBDm%pCDmnDDm0EqmGEdm3FTlsFwlCF2lNFzkNF0k^rJQjrJ4l1J5mDI6nPHRn$GzoLFZovEnpOCnp%eBnp%eB$v%Kx$v%Kxxe%eCxexDxeQELe7GZe8Hzf9I9gOIbhrJcirJQj" /><g i="23" c="279" p="#^9BSw9B8ySA1zAAXz2AuAwz1BNyhB3yyBdxyBRwyBpwuBZvrBCvlB%KvXyrwVyRwNygxFytxnyGx6yKxDxOx9xOxpw%Ox6j%9B6j%9BSw^OxMg%Oxzd%9Bzd%9BMg" /><g i="24" c="280" p="#^PFioIFVm1F5mnEgl6DglGBglYA6meAXm6Aio%PFio^6ABqaAtrvA4sQAHskB4tQBttsCFt4DRtLDRtYERt1Gtt6H4t3Ixs%3Igv$GSvRF4wIEiwADiwnCiwbBZv$zEv1zTu4y5uuxPsVwwrVwApVweogx0nDxNlmyRk5zVjdAmjmBPiTCPiyEPiIFljTGSjCHRkmIQlHIhn0JJo0JBq" /><g i="25" c="281" p="%^HC$vHCviKzVk_xDi4DxebGxebG$v" /><g i="26" c="282" p="#^$w$v%$w3tmxJs3y5sMytrBzFqrAQpjBUobCYnVC_mED$l6E3lAE7kAEkjAEeiLDChXC_gLB_gyA_guzshqyVhHxni%qxufyyVeVzAegBeeDCee3Eee5FEe8G1fOGJftHpgMHkh4Ifi4Ikj4IIksH1mQGmnSFCoUESpJD1rzCbsvBft%DIft%DI$v" /><g i="27" c="283" p="#^nI8rnICsMHCtaHBudGbvgFNv4E1wUCiwHBiw8BiwxAfwWzdwiz8wHy3w7yZvzxSv6xJv%jxKsgy6tdzktbAytdBytPBytsCot5DetDDXsaEEswEasTEHrTE1rTEEpUD$oVClo2Blo%kzlo%kzBl%WABlSCBlQDZkPEkkPEfjPECiyEaihEKhSDthsDchVC5hmC_gOB_gOA_gNzdhNyshTxVh%Gx6fDyKeSzue6BeexCeenDeeoEqepFCehG5f9HAfKHtgjImhjIKijICj2IhkNHXklHrlVGXljGhmKFDm2FTm%2FXmGF$mgGhnSGznkH4oOHAo4IkpnI4qnI8r" /><g i="28" c="284" p="%^vF$vcBKp9BKp9B$vOx$vOxed9Bed9BfocBfocF6j9J6jlESoLJ$v" /><g i="29" c="285" p="#^sERw5ENxIDDykDuzMC7AcCNAnB9BzAyBnzyBOyyBayrByxlB3xbB%ixIyUxXy2zXyEzXy2AJytAvyJA9yZAQx4BpxcB$wcBDw%gw6j%Zz6j%4Dvs%7Dvs%dG6j%DJ6j" /><g i="30" c="286" p="#^eF_fSEMfxEFfcEyfPDyf7DyfJC0gjCugjCxh%jC6j%eF6j%eFzl%jCzl%jC$v%Yy$v%Yyzl%twzl%tw6j%Yy6j%YymhYyeggzofAzye8A0eIAudsBddcCXc6DXcIDXclE0d$E4dvFcd" /><g i="31" c="287" p="%^$N$v2K$vfH9mcH9msE$vDA$vgw6jPz6jGCDsJCDskF6jdJ6j1MDs4MDsLO6jYR6j" /><g i="32" c="288" p="#^cGmpcGxo0GPnRF5nvFzmaF1mDEKl5EqloDqlUBql8BzmpAHnpArppAbqAAUqMAAr7B8svBIs0C2tyCotfDotDEotpFmscGjrcGmp^zJMuzJ9wdJoxTIEy4IzziHuA_F0BHEyBLCyBtByBoAjBjz5BiyFA%zyOxWy$xozbySznynAyyUAKypBQyWBXylCXy$CXyLDLywEAy5F0yHFpxXFvwcGBvcGXt%8GXtAFWutEtvnD$v8C$vJA$vKztvLyXu6y3utxatbx_rVwNqVwtpVwjodx7nxxXlbyZkRy$jTzpjWAPinCPicDPiQD_isE9jVEsjnFKjIF6k2GukiGSk%mGSk%mG6j%zJ6j%zJMu" /><g i="33" c="289" p="%^RE$v4B$viw6jUz6j5Dus8DusfG6jBJ6j" /><g i="34" c="290" p="%^Ox$vOxed9Bed9B$v" /><g i="35" c="291" p="#^UGwpUGHoJGXnzGbncGDmSF3mkFLlOEql6EqlnDqlPCMlfC5mSBGmtBengBZn4BIo4Bwp4B9qdBUqnBDrIBfs2CTsDChtcDHt4EHtVEHtrFht_FTsiGfsCGDrLGUqUG9qUGwp^oKtpoKMsXIxuvHiwYEiwcEiwED9w4D1wECOvcCzvQBevtBVu7Bwu%4Bwu%4BfB%JxfB%Jx6j%WA6j%WAWk%ZAWkHBLjJChjLDPiZEPilGPimHijnINj2JGkKJzl3KOmoK0ooKtp" /><g i="36" c="292" p="#^MI1rMIlsiIktQHjuZGZu6GCvUEYvGDiwaCiwVAiwUz6wUyXvJxCv%2yts8z1t6Ait5Byt$BytyCyt5DptFDgt5E_syEHsQEhs6FSr6Fjr6FtqxEZpZDsp7D4phCIogBlogA_nqzpnAyPm0yVlsx$ksxxjsx9iWx9hoy9gdzwf2ASe9ByehCeeyDeeFEeeIFoeLGxeKHSe%pHKhIGphMFchQE_gVD_g9D_gCCbh4CnhKBJhpB2ifBui6BWi6Bnj6B9kGBDkeC4l4DrlWDNlWE8mXFvmNG6nDHInbIEoMIzpMI1r" /></glyphs></font><font id="40" name="Articulate Charset1 6qqteA5yHqZ"><glyphs><g i="0" c="256" p="%^cy$vcyxeIAxeIAOt$HOt$H$v" /><g i="1" c="257" p="#^EHApEHHomHQn4HYmAGim4GElkFflAERkFDRkICRkYBfldBElIAimcAYmWzQnFzHoFzApFzrqUzir7A9sCARs5BxtRBZtCCouFDouGEouqFZtbGxtGGRs9H9soHjrEHsqEHAp^8KBp8K0rFJesbJrtjIlusHevgGMv4FiwFDiwaCiw_AMvOzdvXyju4yotCxas9xXq9xzp9x9oCxYm4yKlWyRkNzYjZAsjaCXiFDXi7FXikGsjxHYjmIRkcJKlGJZm8Kbo8KBp" /><g i="2" c="258" p="#^7FclSE4luE1l6E_kQD_kTC_kcCslyBVl8BEmKAnnyAjomAepmA9q%mA$v%$x$v%$xej%cAej%cAcl%fAclsANkNAnk7BYjyBEj_BkjvC8j1DXiCDXiYDXilEZiKE$i7F6j%7Fcl" /><g i="3" c="259" p="#^fGoofGKn3G5nTFsmtFYl3FsltE9lUDRk4DRk2CRkoBglLAHlnAhm$zSmQztnGz3oFzoo%fGoo^Fz8qFz4r_zSrkAEsUActtBMteC4u$CouTDoutEou3FguFF8uaGXtIGKt6HxtxHjtNH6t%NHrv1HNv2G1w4FiwJDiwdCiw$ATvOzrvXyBu4yKtCxrs9x8r9xpp9xXnAxKm0yxlPyIkDzSjJApjQBXiaDXiJEXiNFtjRG$jvHZkaIXlsIgnLIAoLI8q" /><g i="4" c="260" p="#^XN$v%XNroXNUnSNfnNNCmxN4mhNxlQMblnMRkDLRk6KRkcJ7mjIonjICp%jI$v%YF$v%YFpoYFwmkFHlJERkEDRk7CRkdB7mkAonkAHp%kA$v%Zx$v%Zxej%aAej%aA4l%dA4lrAKkLAlk3BYjxBEj0CkjHC8jnDXigEXiOEXikF4jTFcjmGwjRGPjfHhkFHLkVHpl7IVkwIskWI$jsJGj_JkjCK8jeLXiTLXi6NXiXNjjNOHjjPlkRP$k3QUliQMmiQJn%iQ$v" /><g i="5" c="261" p="#" /><g i="6" c="262" p="%^iy$viyejFAejFA$v^9yog9yKdPAKdPAog" /><g i="7" c="263" p="#^EHxpEHknIG5mNFRk7ERk6DRkoCilGBKldBqmNA6nzAZnmAPomABpmArqAAirOA8sfBQsIBwtpCYt7Dou6EouTEouxF1ubGFtEG0t6HmsnHtrEHAqEHxp^8Kop8KNqOJ1ssJhtNIeu6Ibv3HLv1GiwDEiw$Ciw_BKv_A9vpAeu%mAeu%mAfB%$xfB%$xej%fAej%fA1l%iA1lRAckYBAj4DXiAEXiYFXi$Gsj3IYjLIQkrJIlNJUm8K3o8Kop" /><g i="8" c="264" p="#^TEjsTEmtuE6u5ESutDmvRCRv1C3wdBiwmAiwqziwCy9wOx0wVwBv%1xutzxPtny6ubzou_zou0BouHBWtnCstnCAsnCeseCZr5CHrNBqruB9r_AUquACqMzfqez$pIyIpbyppMx0pmxCo5x4oRwxnRwPmRw$k1yZjezXirBXi5CXiRC5jBDejgErj%3EulNDllrDel6D6lLC1lpCXk5CUkNBRkzBRkCARkZzfllzEllzmmlz9nXzDnxA5oFBBorCXo0DipCDEp0E3qrEuqFE2rTEBrTEjs" /><g i="9" c="265" p="#^$G$v%$GZt%YGZtLGounGPu$FdvtFzvYEUvgE5wADiwMCiwlAiwazTu$xrt$xPq%$xej%mAej%mAHpmAxqpA9rsANrAAgsIALsUA6t5BstnBKtIB3uaCeuECou8DouXEouWF0tWGDrWG7p%WGej%hJej%hJ$v" /><g i="10" c="266" p="#^WGBpWGKoHGTntG0n_FlmwFFlOEfl5ERk7DRkqBRkxA9mFzsnFzzpFzrqSzir4A9swARsZAxtDBZtiCoubDouaEouTEXtBFut1GOsuG6sIGgrWGpqWGBp^1H$v%1Hbu%ZGbuLGzulGXuYFjvoFDvREWv8E6wsDiwDCiwaBiw7AIv5z6vry8uNx9ttxWr9xHq9xop9x3ovxUmRxIlxyQkdzYjfAsjiBXiGCXilEXilFxjlG6kSG_k%WG_k%WGed%hJed%hJ$v" /><g i="11" c="267" p="%^iy$viyedFAedFA$v" /><g i="12" c="268" p="#^ZEXvDE3w3EawvDiwWCiw7CiwqB5wJAVvbAtvGz1vmzku2zCt2zxs%2z8l%9w8l%9wej%2zej%2zhg%pBxf%pBej%NEej%NE8l%pB8l%pB3spBusvBVsBBjtRBFt5C_ttCbuRCouqDoufEouZEXt%ZEXv" /><g i="13" c="269" p="#^AFWpdFWpNEVplETpZDTp4DTphC0qvB8qVArqkAKq_zcrFzFrFzhsFzKsRz7t2AwtnAOtIA4u7BeuyBou0Cou4DouMD2usEItREdtfFJspF9sAFBrAF8r^QF$v%QFlu%NFluxFHu9F2vOEoviEGvODXvaD6wyCiwOBiwWAiw5A6whzWvCytvYx0vyxfu9xut9xls9x5rLxhqlytpez_o8AuobBjofC7o7D7o8E7oGE8ocF8oAFaoyFBntF0noFqm4FXlMErl8E8lwDRkqCRk8BRkaAhldzJlJy8m%By8kWyYjkzLjKzxjgAljOA9jrB2j5CXiUCXilEXiiFkjgGIjRGpkqH6lGH5mXH3nXHeo%XHetXHHtXHquXH8v1I$v" /><g i="14" c="270" p="%^Lykzvwkz3yctTAct" /><g i="15" c="271" p="#^pGMvLF3wZEawcEiwsDiw1CiwRANvGzgvOynuWxttrxfsYw0rYwBpYweoox0nQxNlFyUkvz_jJAtjYBXivDXi8EXiUE4jFFcjiGrj%5GolLERkADRkDCRkSBel5BClyAgm0AVmKzNnszEoszApszkqFzbrTz1snALsTAstGBWttCouGDousEou1FbuDF_tdGHt%pGMv" /><g i="16" c="272" p="#^WG$v%WGopWGPnGGVmqG_lZFxlBF9l5F$kBERkbERkaDRkrCflJBElfBmmNA3nzA1omA_omA6q%mA$v%$x$v%$xej%gAej%gAfl%jAflOAhkVBCj0DXisEXiYGXi6IlkhJLlhJoo%hJ$v" /><g i="17" c="273" p="#^WGKpWGNoHGVntG0n$FlmyFFlREfl8ERkdDRkjCRkFBhl$AJlyAom5A3nTzVnFzKoFzzpFzwqUzlr8A9sCANs4BotKBLtoC5ubD5u$D5uGELtlFptRFRslGgsDGtrWGFqWGKp^hJwvhJhxKIrybICzgHiAmG_A9FgBZDyBFCyBkByBfAhBbz1B6yFA%myuy_yLywzZy3AbzAAkz6BuzGBzzeCEzVCEzNDEzwEmzgF4zNFxyjG_xCG9xWGlwWGdv%WG0u%SG0udGUu6Fsv0E$vDC$v7B$v4Aqv2zRunyXtJx0trxVr9xNq9xHp9xCotxqnNxemtyel9zekeABjkBXiTCXivDXi5E1jIE7jfFnjOFDjfG3kIGuk2H7l%5H7l%5Hej%hJej%hJwv" /><g i="18" c="274" p="%^4y$v4yctTActTA$v" /><g i="19" c="275" p="%^SO$vSOUgOOUg0J$vAG$vOAUgLAUgLA$vfy$vfyxenCxeRH1tdNxemRxemR$v" /><g i="20" c="276" p="%^AAKgAARl2HRl2H2oAA2oAA$v4y$v4yxelHxelHKg" /><g i="21" c="277" p="%^ED$vRA$vgwejRyejiCEtlCEtTFejdIej" /><g i="22" c="278" p="#^EHxpEHknHG5mLFRk9ERkaDRksCflLBFlgBlmOA0nAATnmAKomABpmAwqBAmrQAcshBUsLBztsC_t9Dou6EouVEouyF0ucGEtFG_s7HjsnHrrEHzqEHxp^8Kop8KIqPJYrvJbtRI9ubI6v8HIv6GiwFEiwQDiw7D6wqCWvTBDvlBjvXAXuyAzuiAbu%fAbu%fA$v%$x$v%$xed%mAed%mA_k%pA_kYA4kXBwjXCXiDEXi1GXi3Htj6I$jNIUksJNlOJYm8K6o8Kop" /><g i="23" c="279" p="#^WGBpWGPoIGZnuG6n1GqmBFKlSEil8ERk8DRkfCRkABclVAzluAcm4AQmSzInFzzoFzxpFzEqWzyrcArsGA4t8BItNB2uqCouaDou7EouQEZtyFxt$FSstGbsHGlrWGuqWGBp^WGfB%WGju%SGjuiGev8FMv_DiwECiwfBiwcALvazbvvyeuQxhtux1s9xMq9xkp9x0owxSmTxHlzyPkfzXjgArjiBXiFCXivDXicE8jWEkjsFEj$FYjnGkkLGIkZG2l%1H2l%1Hej%hJej%hJfB" /><g i="24" c="280" p="%^FI$vLAEhIAEhIA$vcy$vcyxeBBxeiJAsmJAsmJxeSLxeSL$v" /><g i="25" c="281" p="%^RF$vJC$v8wxeXyxekENtnENtVJxexMxe" /><g i="26" c="282" p="#^yGNjyGWiaGmiPFNheFqhGE2hZDUggDKgBCKg%AAKg%AAPm%XCPmGEPmCFZlyG7lyGNj^cJKjcJalHIbmaIcnjHQnsGsokFKodE0p$C0p%AA0p%AA$v%4y$v%4yxe%GCxe7ExekFQeyG7foHLffIngJInhcJmicJKj" /><g i="27" c="283" p="#^WG$v%WGjpWGSnGGYmrG1mXFxlyF8l2F$kzERkbERkaDRkrCflJBElfBmmNA3nzA1omA_omA6q%mA$v%$x$v%$xed%mAed%mA3l%pA3lDAIkZAkkkBYjQBEjkCkj_C8jFDXitEXiYGXi6IlkhJLlhJoo%hJ$v" /><g i="28" c="284" p="#^gF_eMERefEReWCReoCvfTB9gTBVh%TBej%fFej%fF8l%TB8l%TB$v%wz$v%wz8l%vw8l%vwej%wzej%wz2iwzNgJzQfXzSerAdeXAAdMBgdBCXcPDXczEXcnF4d" /><g i="29" c="285" p="#^7Gxq7GYpXFlpMFKopFdo2FInvEonZD3ndD3nGB3nPA2oYz1pYzxqYz9r7APrjAtsIA0t5BytGBVtfCfu0DfuPDfupEXt$ECtnF6tLFBsXFXr7Ggr7Gxq^NIuqNIRrlIWsWH_taHKuqGuvpFUvoEiwbDiwlBiwbAyv2zNuoyBtKxoswxUqixopixUnix9mCxrkXxIiKykhyzYfVA5fhCeenEeeQEeekFgeQFiejGneOGsedHzeFHFe_HNe%DH$g_GFgcGtgqFhgtEhgiDhgpCOgxBihWAaikA1j$zbkGzklFzCm%JzAmDAIlxBmlsC0lAD0lRE0lPFslNGUlrHDm5ImnrImoNImpNIuq" /><g i="30" c="286" p="#^TJcnTJIlnJvkUIij2ItidHDh2GbhUEKgyDKg%AAKg%AAOt%bDOtoGOt7IdsTJEqTJcn^xM6nxMjpTL_qdLEs$JLtOISu3HrvkF$v8D$v%4y$v%4yxe%dDxe9FxeRG7fyIIfPJPg4LVhOLvjxM4lxM6n" /><g i="31" c="287" p="%^qM$vIJ$vpGhllGhl7D$voA$viwejTyejOBNtRBNt5FejTHej4LNt7LNteOejxQej" /><g i="32" c="288" p="#^kH6rkHZr2HTsMGNt1GyujFjv4EPvRCiwXAiw3Aiw8z3weyRvmxzv%CxetryAtqzRtpA5ugB5uSB5usCWt3DKtyDot1E1tlEwsGE_rGEhrGEPqxEoqoEYp1EzpGD9p1DMooCmooBVntAvnHz2nWyAmmy0mOxrluxIkaxYjaxYiaxThzx$gZx7gIyvfrzTesAzetBeeJCeeMDeeKEpeIFAevGSe%9G9hcFLguEBgMDrgYCrgtBrgEA1hQzChQzIiQzCjuAfk8BTkDCzlGD3myEzmqF3n1GInEGko_G9pkH_pkH6r" /><g i="33" c="289" p="%^ey$veyxeKAxeKA$v" /><g i="34" c="290" p="#^wKFv0KSvtJ_vXI6wpIawTHewoHgwVGiwxGiwqEiwJCEv1B_uQzOtDyBsZxVqkxcpkx8nkx9l0ywjIyThWzIg9BxfRCUexEeezGeezHeeyIoexJyeuK_e%hKphpJVgwIGgDHrgHGrg9FrgVDZgGCuhOBpiWAjjsAyk_zNl_zen_zNouA2q$AjrUBdsNC6t_DCtbF5uzG5u1H5uyH1u4IYtBIRt6JKtzJBt0KrtmKet%wKFv" /><g i="35" c="291" p="#^9Ihr9IJsDHGt5HCuaGcvgFNv$D1wLCiwjBiwqAiwkz6weyWvgxCv%pxitByRtvz2uqAfugBfu0CfuNC5uyDWt8EztKEbt6FCsvF1svFdrvFjqaFIpRE4pgEHoIDhoVC6o7CXncBXn%DzXn%DzUl%WAUlABUllCNl7DFlNDklsE$kVErkmFTjmF_imFGhrE_gxDhgYBhg4Bhg4Avg5zIg1ydh%Ux$eWyFe$zse5BeedCeeZEeeuGwf0INg0I$i0Ink1Hvl3GCmfEYm%fE$mjFen2GFnNG3ofHDoKHbpXHTp9Izq9Ihr" /><g i="36" c="292" p="#^fx$v%fxjttx6tYxHsrygs2zJraAHqiBDpqCzokDunfEpmQEilpFbkpF4jpFpi7FUhREnhnE0hWDFghDtgFChgZBhgUAhgUzDgUyYg2yph%OxffzyWeIzAeRAeeqCeeLDeeNECeQF_eyGEfhHigGHbh3I4i3I7j3I8kFH7lfH6mAG6nVF5o$E4p5E2q7D0rFCtrgCQrUBbsxBwsaBRsNAbtoAwtWzYt%jIYt%jI$v" /><g i="37" c="293" p="#^eGAneGcm3GUkVFAjxFzi9FxhwEVgUDhgZChg0ChgnBWgKAyhmAyi_zxjQzMkGz$lGzcnGzxoPzOpZz3rlA3sJA2tmBFt$BfuYCfuEDfuaEVtIEzt3F$sqFrsEFKrTF0r$Fhq7GxpaGRoeG8oeGAn^UIcnUI_ozIDqfIgsyHxtSGNuJFyvBEiwYCiwjBiwaAyv1zNukyxtExhskxFq0x0p0xcn0xhlmxEjIx_hryNgbzAfiAVeqBeeZCeetEeeAFVeHGAfrHNgbI_hxIEjUIhlUIcn" /><g i="38" c="294" p="#^sIpqsIUrUH$slH6upGRuuFzvgEXv3DiwMBiwUAiwWzawYy3w0yJv%4ymt6zXtZz5uRAfuJBfuzCfujD$t3EKtCEht9FPstFasOFxrOFMqOFQptF8p8FsozE$n$DxneDintC3nzB3nqA3nBzfnMyrncyIn%lyxe%YHxe%YHAg%IAAg%zAgl_A8lFB4lkC0lNC0lVD0lXEqlZFPlKGxmwHen_HdosIcpsIpq" /><g i="39" c="295" p="%^ZEUgvBypsIyp^1L$vfJBrHABrWy$viw$vLDxenGxeLN$v" /><g i="40" c="296" p="#^Jzih%JzOe%4COe%4Cih^QDih%QDOe%aGOe%aGih^fGoofGKn3G5nTFsmtFYl3FsltE9lUDRk4DRk2CRkoBglLAHlnAhm$zSmQztnGz3oFzoo%fGoo^Fz8qFz4r_zSrkAEsUActtBMteC4u$CouTDoutEou3FguFF8uaGXtIGKt6HxtxHjtNH6t%NHrv1HNv2G1w4FiwJDiwdCiw$ATvOzrvXyBu4yKtCxrs9x8r9xpp9xXnAxKm0yxlPyIkDzSjJApjQBXiaDXiJEXiNFtjRG$jvHZkaIXlsIgnLIAoLI8q" /><g i="41" c="297" p="%^CEMqCE$vpC$vpCMqaxMqaxzopCzopCkjCEkjCEzoQJzoQJMq" /><g i="42" c="298" p="%^KC$vKCph2AIjJy1i$CxeeFxeeF$v" /><g i="43" c="299" p="%^CEAgyEAg5zZpCEZp^6H0s6H$vCE$vCE0stw0stwZpxDxe6Hxe6HZpiJZpiJ0s" /><g i="44" c="300" p="%^PB$v3z$vJFAgdxAgdxxehIxehIAg" /><g i="45" c="301" p="#^iGmriGwq_F_pGFrp8F3pDEHoXDoofD5ovCKn$B6ouBpoZAHoyA3p7ArpSzYpCztqCzgrCzWrSzss7A_sBAot4BOtJB1unCfu7DfutEfunFutiGJsiGmr^NFtiNFWhxFwhiF5hTEQgtEygXDqgqDhgRChglChgPBrgiBBgSAWgrAfh9AIhTz9iTzJiTzdj8AFjqA4kVAskoBQk1CblHCyltDWl5EslxE3lZEFkeFhkwFVjEFujNF2jNFti^YIkrYICstIyt$HtuaH4vlGHveF$v7EiwRCiwLBiwHA$vEzHvOy3vZxrusxwtYwBsYwkrYwuqexNpwx3p1yuoyyVndzunUz3nEAPm%EALm2zbmcy5lnx$jnxminxChJxTg3y7gNyyfvzYezABeDBee2DeelEeelFAemGWe2HufKH2g4IMgrIuhrIcirI6jaINjWHrkvHZk4HulvGVlWFjmhFFmVFTmyGfncHCnKHaohIKoCIwpYIhqYIkr" /><g i="46" c="302" p="#^YFYjYFijLFFiyF$h9FuhMEYgbEDgDDhgTChg5ChgwBAgYATgzAnhaAThZzyiNzcjNzYjNzzkYzal7ANluAimRAPmnB8nWBtnFCtnfEtn5FtmYFslYFYj^CICmCIoohI7qYHSr7HetjGBuYEsvBDiwwBiw5BiwBAfw6AdwDz8w8z3wHyZveySvVxKv%gywtXyStIz3utAfuqBfuBCfuuDKtoEdt$ElsCFtrWFjqfG9pfGTn%bGVnfFQokEapqDwpjCwp3Bwp5A5p7zFosyVnOx9nsx9m7x9l7x$j7xDizxzh$xugLyLfvz$ewADeyBeeLCeewEeeFFYeOGGfrHSg5I2ilIzjCI3lCICm" /><g i="47" c="303" p="#^$CmxJC8ylCUyZBEzrBdAWAPAdAaBwzyByyyB7yyBGxuBdxrBUwlB%2xrzlxzzCxBzTxEz8yEzEyEz1zrzrzezMzVy5AAykA8yzAIxLAfxQA3xUAQwYACwYAswYAhwQA1wJANvGACv%awej%Lyej%aCNt%dCNt%JFej%5Iej" /><g i="48" c="304" p="#^mIummIClOH$kfHokqGokGFok2FMkqE8l$DJlADhmlDZm6DEn6Dfo6DipFDXpcEAq9FAqPFAqpGcq$GPpqHdpSHCo6IUnmI9nmIum^MOElMOrn5OLorN3qvMXqALOrzKdsyJDsSIDshIDsRHhsqHXrnHdr%kHdrLGOr1GdskFDsAEDsODDs7DistCZrZBqrtBSqbB8qVAqpVABoVArnhBjmGBblnCjk4Drj3EUi2FlihGli7Ili7J_j%vJHi%nLHi%IJ1pDJjpzJApvJRpvJ3qvJlqBJxqHJJqYJJquKJq0LmqzL_p$LmpsMKoKMUn0N1n0N3m0NCkvMuj_Lmi5LAhcKOg_IogNH_fnG_fME_fsDyg8C6hdB6iiA6jOzskizNlizjniz4pRzrqoANrmBIslCCtID4u3FyuHGyufIyuEJYt2Lmt2Mjs%YNjsDMjuEKjvGIiwoGiwyEiwUCIveB5vZzXtJyNs_x5rfxppfxenfxblZxxjHyShXzHgcBvfSCTexEeepGee$HeewJMe1LhfbMggmNeh3OBiMOYjMOEl" /></glyphs></font></bwFonts>